<?xml version="1.0" encoding="UTF-8"?><?xml-stylesheet type='text/xsl' href='_UpgradeReport_Files/UpgradeReport.xslt'?><UpgradeLog>
<Properties><Property Name="Solution" Value="Shapes">
</Property><Property Name="Solution File" Value="C:\__myfiles\srcnoi\srcfilesnovdec2020e\Shapes\Shapes.sln">
</Property><Property Name="Date" Value="Saturday, November 28, 2020">
</Property><Property Name="Time" Value="5:30 AM">
</Property></Properties><Event ErrorLevel="0" Project="" Source="Shapes.sln" Description="File successfully backed up as C:\__myfiles\srcnoi\srcfilesnovdec2020e\Shapes\Backup\Shapes.sln">
</Event><Event ErrorLevel="0" Project="Shapes" Source="Shapes\Shapes.csproj" Description="Project file successfully backed up as C:\__myfiles\srcnoi\srcfilesnovdec2020e\Shapes\Backup\Shapes\Shapes.csproj">
</Event><Event ErrorLevel="0" Project="Shapes" Source="Shapes\Shape.cs" Description="File successfully backed up as C:\__myfiles\srcnoi\srcfilesnovdec2020e\Shapes\Backup\Shapes\Shape.cs">
</Event><Event ErrorLevel="0" Project="Shapes" Source="Shapes\Circle.cs" Description="File successfully backed up as C:\__myfiles\srcnoi\srcfilesnovdec2020e\Shapes\Backup\Shapes\Circle.cs">
</Event><Event ErrorLevel="0" Project="Shapes" Source="Shapes\Square.cs" Description="File successfully backed up as C:\__myfiles\srcnoi\srcfilesnovdec2020e\Shapes\Backup\Shapes\Square.cs">
</Event><Event ErrorLevel="0" Project="Shapes" Source="Shapes\IDrawable.cs" Description="File successfully backed up as C:\__myfiles\srcnoi\srcfilesnovdec2020e\Shapes\Backup\Shapes\IDrawable.cs">
</Event><Event ErrorLevel="1" Project="Shapes" Source="Shapes\Shapes.csproj" Description="Your project is targeting .NET Framework 2.0 or 3.0. If your project uses assemblies requiring a newer .NET Framework, your project will fail to build. You can change the .NET Framework version by clicking Properties on the project menu and then selecting a new version in the '.NET Framework' dropdown box. (In Visual Basic, this is located on the Compile tab by clicking the 'Advanced Compiler Options...' button.)">
</Event><Event ErrorLevel="0" Project="Shapes" Source="Shapes\Shapes.csproj" Description="Project converted successfully">
</Event><Event ErrorLevel="3" Project="Shapes" Source="Shapes\Shapes.csproj" Description="Converted">
</Event><Event ErrorLevel="0" Project="" Source="Shapes.sln" Description="Solution converted successfully">
</Event><Event ErrorLevel="3" Project="" Source="Shapes.sln" Description="Converted">
</Event><Event ErrorLevel="0" Project="Shapes" Source="Shapes\Shapes.csproj" Description="Scan complete: Upgrade not required for project files.">
</Event></UpgradeLog>